species:ncbi:287	Bacterium ASFP-38|pseudomonas aeruginosa|Bacterium ASFP-48s|bacterium ASFP-45s|b.pyocyaneus|Bacterium ASFP-37|P.polycolor|Bacterium ASFP-38s|b.pyocyaneum|m. pyocyaneus|b.aeruginosum|bacterium ASFP-38s|b.aeruginosus|m.pyocyaneus|bacterium pyocyaneum|bacillus aeruginosus|pseudomonas polycolor|Bacterium ASFP-48|bacterium ASFP-46s|bacterium aeruginosum|B. pyocyaneus|p. aeruginosa|Pseudomonas aeruginosa (Schroeter 1872) Migula 1900|B. pyocyaneum|bacterium ASFP-48s|p.polycolor|bacterium ASFP-37|p. pyocyanea|Bacterium aeruginosum|bacterium ASFP-38|Bacillus pyocyaneus|Bacterium ASFP-45|Bacterium ASFP-46|Micrococcus pyocyaneus|P.pyocyanea|p. polycolor|M.pyocyaneus|p. synonym or variety: "Pseudomonas polycolor" Clara 1930|bacterium ASFP-37s|P.synonym or variety: "Pseudomonas polycolor" Clara 1930|bacterium ASFP-46|P.aeruginosa|bacterium ASFP-45|Bacterium ASFP-46s|bacillus pyocyaneus|Pseudomonas pyocyanea|B. aeruginosum|b. pyocyaneum|B.pyocyaneum|P. synonym or variety: "Pseudomonas polycolor" Clara 1930|P. aeruginosa|b. pyocyaneus|b. aeruginosum|B.pyocyaneus|bacterium ASFP-48|Bacillus aeruginosus|Bacterium ASFP-45s|b. aeruginosus|P. pyocyanea|B. aeruginosus|Bacterium pyocyaneum|peudomonas aeruginosa|Pseudomonas aeruginosa|p.aeruginosa|B.aeruginosum|pseudomonas aeruginosa (Schroeter 1872) Migula 1900|Pseudomonas polycolor|probable synonym or variety: "Pseudomonas polycolor" Clara 1930|Peudomonas aeruginosa|pseudomonas pyocyanea|Bacterium ASFP-37s|P. polycolor|B.aeruginosus|p.pyocyanea|p.synonym or variety: "Pseudomonas polycolor" Clara 1930|micrococcus pyocyaneus|M. pyocyaneus|Probable synonym or variety: "Pseudomonas polycolor" Clara 1930	
species:ncbi:562	Bacterium coli commune|B. coli|Escherichia coli retron Ec79s|escherichia coli retron Ec86s|Eschericia coli|b. coli commune|escherichia coli (Migula 1895) Castellani and Chalmers 1919|escherichia coli retron Ec79s|escherichia coli retron Ec86|E. coli|b. coli|E.coli|Escherichia coli|bacterium E3|B.coli|Bacillus coli|bacterium coli commune|eschericia coli|Escherichia coli retron Ec86s|B. coli commune|escherichia coli retron Ec107s|Escherichia coli retron Ec67|escherichia coli|Bacterium 10a|bacterium coli|bacillus coli|e.coli|Escherichia coli (Migula 1895) Castellani and Chalmers 1919|escherichia coli retron Ec107|Bacterium 10as|b.coli commune|Bacterium coli|escherichia coli retron Ec67|Escherichia coli retron Ec67s|B.coli commune|Escherichia coli retron Ec107s|Escherichia coli retron Ec79|Bacterium E3|escherchia coli|escherichia coli retron Ec67s|Escherichia coli retron Ec107|b.coli|bacterium 10a|bacterium 10as|escherichia coli retron Ec79|Escherichia coli retron Ec86|e. coli|Enterococcus coli|Escherchia coli|enterococcus coli	
species:ncbi:1280	MRSA
species:ncbi:1280	Streptococcus aureus|Staphlococcus pyogenes citreus|micrococcus pyogenes|s. pyogenes aureus|S.aureus|staphlococcus pyogenes citreus|s. pyogenes citreus|S. pyogenes aureus|S.pyogenes aureus|m.pyogenes|staphilococcus aureus|staphylococus aureus|Micrococcus aureus|Staphylococcus pyogenes aureus|Micrococcus pyogenes|S. pyogenes citreus|Staphylococcus aureus|S. aureus|M. aureus|staphylococcus aureus Rosenbach 1884|Staphilococcus aureus|m. aureus|staphylococcus pyogenes aureus|S.pyogenes citreus|micrococcus aureus|M. pyogenes|M.aureus|Staphylococcus aureus Rosenbach 1884|streptococcus aureus|Staphylococus aureus|s.aureus|s. aureus|m. pyogenes|M.pyogenes|staphylococcus aureus|s.pyogenes citreus|s.pyogenes aureus|m.aureus	
species:ncbi:1309	S. mutans|S.mutans|s. mutans|streptococcus mutans Clarke 1924|streptococcus mutans|staphylococcus mutans|Streptococcus mutans|Streptococcus mutans Clarke 1924|Staphylococcus mutans|s.mutans	
species:ncbi:9606	IGF022/01 cellline|IGF022/01 cell-lines|IGF022/01 celllines|IGF022/01 cell-line|IGF022/01 cell|IGF022/01 cells
species:ncbi:9606	Man|H. sapiens|Human|Humans|homo sapiens|humans|Mans|human|Homo sapiens|h.sapiens|mans|h. sapiens|H.sapiens|man	
species:ncbi:9606	boy
